Product Name,Label
Crème de la Mer,Moisturizer
The Moisturizing Soft Cream,Moisturizer
The Water Cream,Moisturizer
Little Miss Miracle Limited-Edition Crème de la Mer,Moisturizer
Lotus Youth Preserve Moisturizer,Moisturizer
The True Cream Aqua Bomb,Moisturizer
Rose Deep Hydration Moisturizer,Moisturizer
R.N.A. POWER Face Cream,Moisturizer
Crème de la Mer Mini,Moisturizer
Bio-Performance Advanced Super Revitalizing Cream,Moisturizer
Black Tea Firming Overnight Mask,Moisturizer
Charlotte's Magic Cream,Moisturizer
Dr. Andrew Weil For Origins™ Mega-Mushroom Relief & Resilience Soothing Treatment Lotion,Moisturizer
GenOptics Aura Essence Serum,Moisturizer
Black Tea Kombucha Antioxidant Essence,Moisturizer
Water Sleeping Mask,Moisturizer
Luminous Dewy Skin Mist,Moisturizer
Benefiance WrinkleResist24 Night Cream,Moisturizer
Goodnight Glow Retin-ALT Sleeping Crème,Moisturizer
Radiance Drops - Rainforest of the Sea™ Collection,Moisturizer
The Renewal Oil,Moisturizer
GinZing™ Energy-Boosting Gel Moisturizer,Moisturizer
C-Rush™ Brightening Gel Crème,Moisturizer
Color Control Cushion Compact Broad Spectrum SPF 50+,Moisturizer
Vitamin Enriched Face Base Priming Moisturizer,Moisturizer
CC Crème High Definition Radiance Face Cream Skin Perfector,Moisturizer
C.E.O. C + E antiOXIDANT Protect + Repair Moisturizer,Moisturizer
Rose Gold Elixir – 24k Gold Infused Beauty Oil,Moisturizer
GLOWSTARTER™ Mega Illuminating Moisturizer,Moisturizer
Seaberry Moisturizing Face Oil,Moisturizer
BB Cushion Hydra Radiance SPF 50,Moisturizer
THIRSTYMUD™ Hydrating Treatment,Moisturizer
Confidence in a Cream™ Transforming Moisturizing Super Cream,Moisturizer
Black Tea Corset Cream Firming Moisturizer,Moisturizer
Crème Ancienne®,Moisturizer
Secret Sauce Clinically Advanced Miraculous Anti-Aging Moisturizer,Moisturizer
Benefiance WrinkleResist24 Day Cream Broad Spectrum SPF 18,Moisturizer
Rose Floral Toner,Moisturizer
The Concentrate Mini,Moisturizer
Renewed Hope in A Jar Refreshing & Refining Moisturizer,Moisturizer
Cold Plasma Sub-D Firming Neck Treatment,Moisturizer
Rénergie Lift Multi-Action Night,Moisturizer
GENIUS Ultimate Anti-Aging Cream,Moisturizer
Original Skin™ Matte Moisturizer with Willowherb,Moisturizer
Aqua Bomb Sleeping Mask,Moisturizer
Charlotte's Magic Cream Mini,Moisturizer
Super Multi-Corrective Cream,Moisturizer
Bio-Performance Advanced Super Restoring Cream,Moisturizer
Benefiance WrinkleResist24 Day Emulsion Broad Spectrum SPF 18,Moisturizer
Daily Reviving Concentrate,Moisturizer
Vitamin C Glow Moisturizer,Moisturizer
Vitamin Nectar Antioxidant Face Mist,Moisturizer
Peat Miracle Revital Cream,Moisturizer
Drink of H2O Hydrating Boost Moisturizer Rainforest of the Sea™,Moisturizer
Photo Finish Primer Water,Moisturizer
Retinol Youth Renewal Night Cream,Moisturizer
A Perfect World™ SPF 40 Age-Defense Moisturizer with White Tea,Moisturizer
Ferulic + Retinol Anti-Aging Moisturizer,Moisturizer
Evercalm™ Overnight Recovery Balm,Moisturizer
Counter Balance™ Oil Control Hydrator,Moisturizer
Dr. Andrew Weil For Origins™ Mega-Bright SPF 30 Skin Tone Correcting Oil-Free Moisturizer,Moisturizer
Plantscription™ SPF 25 Power Anti-Aging Cream,Moisturizer
The Moisturizing Soft Lotion,Moisturizer
Benefiance WrinkleResist24 Night Emulsion,Moisturizer
Resveratrol Lift Night Infusion Cream,Moisturizer
Essential-C Day Moisture Broad Spectrum SPF 30 PA+++,Moisturizer
Future Solution LX Total Regenerating Cream,Moisturizer
Multi-Active Night Cream - Normal to Combination Skin,Moisturizer
Ibuki Refining Moisturizer,Moisturizer
Ibuki Refining Moisturizer Enriched,Moisturizer
The Renewal Oil Mini,Moisturizer
The Method: Nourish,Moisturizer
BIENFAIT MULTI-VITAL NIGHT - High Potency Night Moisturizing Cream VITA-NUTRI 8™,Moisturizer
Gold Camellia Beauty Oil,Moisturizer
Immortelle Divine Cream,Moisturizer
CC Cream Daily Correct Broad Spectrum SPF 35+ Sunscreen,Moisturizer
Overnight Restorative Cream,Moisturizer
GinZing™ SPF 40 Energy-Boosting Tinted Moisturizer,Moisturizer
Premier Cru Cream,Moisturizer
Resveratrol Lift Face Lifting Soft Cream,Moisturizer
Wild Rose Vitamin C Active Brightening Oil,Moisturizer
Bio-Performance Glow Revival Cream,Moisturizer
Sleeping Mask,Moisturizer
Truth Revealed™ Brightening Broad Spectrum SPF 15 Moisturizer,Moisturizer
BIENFAIT MULTI-VITAL - SPF 30 CREAM - High Potency Vitamin Enriched Daily Moisturizing Cream,Moisturizer
Vine[activ] Overnight Detox Oil,Moisturizer
Extra-Firming Neck Anti-Wrinkle Rejuvenating Cream,Moisturizer
BB Crème au Ginseng,Moisturizer
Renewed Hope in A Jar Overnight Recharging & Refining Moisturizer,Moisturizer
Anti-Aging Moisturizer SPF 30 PA+++,Moisturizer
Ultimate Miracle Worker Multi-Rejuvenating Cream SPF 30,Moisturizer
Treatment Toner,Moisturizer
Bio-Performance LiftDynamic Cream,Moisturizer
Vinosource Intense Moisture Rescue Cream,Moisturizer
Wrinkle Warrior™ 2-in-1 Plumping Moisturizer + Serum,Moisturizer
Hyaluronic Marine Oil-Free Moisture Cushion,Moisturizer
Nutrient-Charged Water Gel,Moisturizer
Instant Moisturizer + Cream,Moisturizer
4-in-1 Setting Mist - Rainforest of the Sea™ Collection,Moisturizer
Ibuki Beauty Sleeping Mask,Moisturizer
VOLCASMIC™ Matte Glow Moisturizer,Moisturizer
Rénergie Lift Multi-Action Sunscreen Broad Spectrum SPF 15 For All Skin Types,Moisturizer
Plantscription™ Youth-Renewing Power Night Cream,Moisturizer
High Potency Classics: Face Finishing & Firming Moisturizer,Moisturizer
Visionnaire Advanced Multi-Correcting Cream,Moisturizer
Premier Cru Rich Cream,Moisturizer
Hydra Zen Anti-Stress Gel Moisturizer,Moisturizer
Mega Rich Intensive Anti-Aging Cellular Creme,Moisturizer
Intensive Instant Moisturizer + Cream,Moisturizer
Facial Treatment Oil,Moisturizer
Ultra Facial Cream SPF 30,Moisturizer
Maracuja Neck Treatment,Moisturizer
DREAMDUO™ Overnight Transforming Treatment,Moisturizer
Firming & Lifting Neck Cream,Moisturizer
White Lucent All Day Brightener Broad Spectrum SPF 23 Moisturizer,Moisturizer
The Moisturizing Matte Lotion,Moisturizer
Tonique Confort Re-Hydrating Comforting Toner with Acacia Honey,Cleanser
Rose Deep Hydration Facial Toner,Cleanser
Bi-Facil Double-Action Eye Makeup Remover,Cleanser
Cleansing & Exfoliating Wipes,Cleanser
Checks and Balances™ Frothy Face Wash,Cleanser
ExfoliKate® Intensive Exfoliating Treatment,Cleanser
The Cleansing Foam,Cleanser
Sugar Face Polish Exfoliator,Cleanser
The Clean Truth™ Foaming Cleanser,Cleanser
Transforming Walnut Scrub,Cleanser
Calendula Deep Clean Foaming Face Wash,Cleanser
Instant Foaming Cleanser,Cleanser
Moisturizing Toner,Cleanser
Benefiance Extra Creamy Cleansing Foam,Cleanser
YOUTHMUD™ Tinglexfoliate Treatment,Cleanser
Ceramic Slip Cleanser,Cleanser
Anti-Aging Cleansing Gel,Cleanser
Clarifying Cleanser,Cleanser
The Tonic,Cleanser
EradiKate® Daily Cleanser Acne Treatment,Cleanser
Bye Bye Makeup™ 3-in-1 Makeup Melting Cleansing Balm,Cleanser
The Microdelivery Exfoliating Facial Wash,Cleanser
Gentle Foaming Cleanser with Cottonseed,Cleanser
Ibuki Gentle Cleanser,Cleanser
Micellar Cleansing Water,Cleanser
GinZing™ Refreshing Scrub Cleanser,Cleanser
Toning Lotion with Camomile,Cleanser
Flawless Skin Face Polish,Cleanser
FLASHMUD™ Brightening Treatment,Cleanser
Rose Deep Hydration Toner Mini,Cleanser
Crème Radiance Gentle Cleansing Creamy-Foam Cleanser,Cleanser
Truth™ On the Glow Cleansing Cloths,Cleanser
One-Step Gentle Exfoliating Cleanser with Orange Extract,Cleanser
The Cleansing Foam Mini,Cleanser
Deep Cleansing Exfoliator,Cleanser
SUPERCLEANSE™ Clearing Cream-to-Foam Cleanser,Cleanser
Essential-C Cleanser,Cleanser
The Cleansing Gel,Cleanser
Soothing Face Cleanser Oil,Cleanser
Cleansing & Clarifying Duo,Cleanser
Gentle Cleansing Milk,Cleanser
Soy Face Cleansing Milk,Cleanser
Moisturizing Foam Cleanser,Cleanser
Seaberry Skin Nutrition Cleansing Oil,Cleanser
Pureness Deep Cleansing Foam,Cleanser
Shea Cleansing Oil,Cleanser
Multi-Miracle Glow Cleansing Balm,Cleanser
Zero Oil™ Deep Pore Cleanser,Cleanser
A Perfect World™ Age-Defense Treatment Lotion with White Tea,Cleanser
The Method: Polish Blemish Control,Cleanser
Zero Oil™ Pore Purifying Toner,Cleanser
Plantscription™ Anti-Aging Cleanser,Cleanser
Ibuki Softening Concentrate,Cleanser
United State™ Balancing Tonic,Cleanser
Future Solution LX Extra Rich Cleansing Foam,Cleanser
Oil Control Blotting Paper,Cleanser
Problem Solution Toner,Cleanser
Acne Clearing Wash,Cleanser
Rose Cleansing Foam,Cleanser
OIL OBSESSED™ Total Cleansing Oil,Cleanser
Essential-C Toner,Cleanser
Renewing Cleansing Cream,Cleanser
YOUTHCLEANSE™ Daily Exfoliating Cleanser,Cleanser
Rose Floral Toner Mini,Cleanser
Stay Balanced™ Oil Control Cleansing Cloths,Cleanser
A Glowing Regimen Trial Set,Cleanser
Wild Rose Exfoliating Cleanser,Cleanser
Cleansing Gel Oil Enriched,Cleanser
The Cleansing Oil,Cleanser
Hydrating Toner,Cleanser
BUBBLESHEET™ Oxygenating Deep Cleanse Mask,Cleanser
Ibuki Purifying Cleanser,Cleanser
Pureness Balancing Softener Alcohol-Free,Cleanser
Mega-Mushroom Skin Relief Micellar Cleanser,Cleanser
Moment of Truth™ 2-in-1 Polishing Sugar Mask,Cleanser
One Step Acne Eliminating Pads,Cleanser
Solid Cleansing Oil,Cleanser
Prep-N-Glow™ Cloths,Cleanser
Purity Made Simple® Facial Cleansing Gel & Eye Makeup Remover,Cleanser
The Method: Cleanse,Cleanser
Double Mousse Gentle Cleansing Foam,Cleanser
POWERMUD™ Dualcleanse Treatment,Cleanser
Facial Radiance Polish,Cleanser
Modern Friction™ Cleansing Oil with Radiance-Boosting White & Purple Rice,Cleanser
The Cleansing Micellar Water,Cleanser
Gentle Daily Wash,Cleanser
Ultra Facial Oil-Free Cleanser,Cleanser
Extra Rich Cleansing Milk,Cleanser
Umbrian Clay Pore Purifying Face Exfoliator,Cleanser
Rosa Centifolia™ No.1 Purity Cleansing Balm,Cleanser
Refreshing Cleanser,Cleanser
Refreshing Gel Cleanser,Cleanser
Micro Polish Cleanser,Cleanser
Truth Serum®,Treatment
Advanced Génifique Youth Activating Serum Duo,Treatment
Alpha Beta® Extra Strength Daily Peel,Treatment
Clearly Corrective™ Dark Spot Solution,Treatment
The Concentrate,Treatment
SUPERMUD® Activated Charcoal Treatment,Treatment
Alpha Beta® Universal Daily Peel,Treatment
Truth Serum - Starlight Holiday Edition,Treatment
The Regenerating Serum,Treatment
GENIUS Liquid Collagen,Treatment
Rapid Age Spot and Pigment Lightening Serum,Treatment
Vinoperfect Glycolic Brightening Essence,Treatment
The Revitalizing Hydrating Serum,Treatment
The Treatment Lotion,Treatment
Max Complexion Correction Pads,Treatment
Glow Cycle Retin-ALT Power Serum,Treatment
Mega-Mushroom Relief & Resilience Soothing Treatment Lotion Limited Edition,Treatment
Backlight Priming Filter Face Primer,Treatment
GRAVITYMUD™ Firming Treatment,Treatment
Umbrian Clay Pore Purifying Face Mask,Treatment
Squalane + Phyto-Retinol Serum,Treatment
R.N.A. POWER Anti-Aging Essence Serum,Treatment
White Lucent MicroTargeting Spot Corrector,Treatment
Rose Deep Hydration Face Serum,Treatment
The Perfecting Treatment,Treatment
Black Tea Age-Delay Firming Serum,Treatment
Super Spot Remover™ Blemish Treatment Gel,Treatment
Invisiblur™ Perfecting Shield Broad Spectrum SPF 30 PA+++,Treatment
Visionnaire Advanced Skin Corrector Serum,Treatment
Retinol Youth Renewal Serum,Treatment
Vitamin C Ester Brightening Serum,Treatment
Luminous Deep Hydration Firming Serum,Treatment
Wild Rose 15% Vitamin C Spotless Serum,Treatment
ELEVATE Advanced Retinol Serum,Treatment
Rejuvenating Serum,Treatment
Lift Serum Intense with Stem Cell Recovery Complex,Treatment
Skin Love Glow Elixir,Treatment
Resurfacing Serum,Treatment
Resveratrol Lift Firming Serum,Treatment
Active Retinol Renewal Kit,Treatment
Revitalixir™ Recovery Serum,Treatment
Protein Booster Skin Serum,Treatment
Shaping Facial Lift Total V Contouring Serum,Treatment
needles no more™,Treatment
White Lucent Luminizing Surge,Treatment
+Retinol Vita C Power Serum,Treatment
Plantscription™ Anti-Aging Power Serum,Treatment
GENIUS Ultimate Anti-Aging Vitamin C+ Serum,Treatment
Sunless Tan Anti-Aging Face Serum,Treatment
Original Skin™ Renewal Serum with Willowherb,Treatment
Perfect Canvas Skin Finishing Serum,Treatment
Outsmart Acne Clarifying Treatment,Treatment
Therapeutic Sulfur Mask Acne Treatment Mask,Treatment
Pure Truth™ Youth Activating Oil,Treatment
Bio-Performance Glow Revival Serum,Treatment
Breakout Fighters,Treatment
Dr. Andrew Weil For Origins™ Mega-Mushroom Relief & Resilience Advanced Face Serum,Treatment
Essential Fx Acyl-Glutathione Deep Crease Serum,Treatment
Advanced Acne & Wrinkle Reducer,Treatment
Bio-Performance LiftDynamic Serum,Treatment
Acne Body Wash,Treatment
Dr. Andrew Weil For Origins™ Mega-Bright Dark Spot Correcting Serum,Treatment
Glycolic Peel,Treatment
Golden Krocus Ageless Saffron Elixir Serum,Treatment
Peat Miracle Revital Serum Concentrate,Treatment
Acne Clearing Solution,Treatment
SKINLONGEVITY™ Vital Power Infusion Serum,Treatment
EradiKate® Salicylic Acid Acne Treatment,Treatment
A Perfect World™ Age-Defense Skin Guardian with White Tea,Treatment
Caviar Lime Acid Peel,Treatment
Rapid Collagen Infusion,Treatment
2% Retinol Complex Serum,Treatment
MAGNETIGHT Age-Defier™ Mask,Treatment
Lotus Face Treatment Oil,Treatment
Future Solution LX Intensive Firming Contour Serum,Treatment
Advanced Active Radiance® Serum,Treatment
White Marble Dual Phase Vitamin C Peel,Treatment
Micro-Blur™ Skin Perfector,Treatment
Complete Reform,Treatment
High Potency Classics: Firming Evening Repair,Treatment
Hydra Sebum Control Essence,Treatment
Intensive-C® Radiance Peel,Treatment
Crème Ancienne® Supreme Face Serum,Treatment
EradiKate™ Mask Foam-Activated Acne Treatment,Treatment
Silver Skin Savior Salicylic/Glycolic Acid Treatment,Treatment
ELEVATE Advanced Lift Contouring Cream,Treatment
Face Mask Magic,Face Mask
Lip Sleeping Mask,Face Mask
Rose Face Mask,Face Mask
Mini Mask Musts,Face Mask
The Lifting and Firming Mask,Face Mask
Drink Up™ Intensive Overnight Mask to Quench Skin's Thirst,Face Mask
Experiential Masks Set,Face Mask
Overnight Miracle Mask,Face Mask
Lotus Youth Preserve Rescue Mask,Face Mask
Black Tea Firming Overnight Mask Mini,Face Mask
Original Skin™ Retexturizing Mask with Rose Clay,Face Mask
Bright On Massage-Activated Vitamin C Mask with Echinacea GreenEnvy™,Face Mask
Calendula & Aloe Soothing Hydration Mask,Face Mask
The Ultimate Glow Set,Face Mask
Hand Mask,Face Mask
Hand Mask - Avocado,Face Mask
The Brilliance Brightening Mask,Face Mask
Face Mask - Pearl - Brightening,Face Mask
Instant Detox Mask,Face Mask
Crème Ancienne® Ultimate Nourishing Honey Mask,Face Mask
Luminous Dewy Skin Sheet Mask,Face Mask
Face Mask - Avocado,Face Mask
Advanced Génifique Hydrogel Melting Mask,Face Mask
Purity Made Simple Pore Extractor Mask,Face Mask
Clay Mask,Face Mask
Face Mask - Green Tea - Mattifying,Face Mask
Mud Mask Purifying & Mattifying,Face Mask
SUPERMASK - The Golden Mask,Face Mask
#GLITTERMASK GRAVITYMUD™ Firming Treatment,Face Mask
Greek Yoghurt Advanced Nourishing Sleeping Facial,Face Mask
Clarifying Mask,Face Mask
Peony Brightening Night Treatment Mask,Face Mask
SUPERMASK - The Charcoal Mask,Face Mask
Clearing Mask,Face Mask
Sleeping Mask - Rose,Face Mask
SUPERMASK - The Silver Mask,Face Mask
Sleeping Mask - Pearl,Face Mask
Treatment Lotion Hydrating Mask,Face Mask
Moisturizing Mask,Face Mask
Plantscription™ Powerful Lifting Overnight Mask,Face Mask
Face Mask - Algae - Detoxifying,Face Mask
Goddess Clay Mask,Face Mask
Resurfacing Mask,Face Mask
The Lifting and Firming Mask Mini,Face Mask
Dr. Andrew Weil For Origins™ Mega-Mushroom Relief & Resilience Soothing Face Mask,Face Mask
SUPERMASK - The Mud Mask,Face Mask
Brightening Infusion Hydrogel Mask,Face Mask
Deep Cleansing Mask,Face Mask
Dr. Andrew Weil For Origins™ Mega-Bright Dark Spot Correcting Night Mask,Face Mask
Sleeping Mask - Coconut Water,Face Mask
Face Mask - Algae,Face Mask
Pore Minimalist Black Charcoal Sheet Mask,Face Mask
Sleeping Mask - Aloe Vera,Face Mask
Cocoa Moisture Mask,Face Mask
Face Mask - Lotus,Face Mask
Extra-Firming Mask,Face Mask
BUBBLESHEET™ Oxygenating Deep Cleanse Mask - Breast Cancer Awareness Edition,Face Mask
Polishing Mask,Face Mask
Midnight Radiance Mask,Face Mask
PERFECT Clarifying Pore Corrector Mask,Face Mask
Gel Mask Hydrating & Quenching,Face Mask
Water Pocket Sheet Mask Sleeping Mask (Replenishing),Face Mask
Cilantro & Orange Extract Pollutant Defending Mask,Face Mask
Skin Nourish Coral Grass & Green Algae Moisture Face Mask,Face Mask
MAGNETIGHT™ Age-Defier Mask Bundle,Face Mask
MOISTURE BOUND Intensive Serum Masque,Face Mask
Pore Extractor Pomegranate Mask,Face Mask
Face Mask - Pomegranate,Face Mask
Bamboo Waterlock Mask,Face Mask
RitualiTea™ Matcha Madness™ Revitalizing Powder Face Mask with Matcha & Green Tea,Face Mask
After-Sun Mask - Watermelon,Face Mask
Whipped Mud Mask Collection,Face Mask
Algae Brightening Mask,Face Mask
The Intensive Revitalizing Mask,Face Mask
First Aid Transforming Peel Off Mask,Face Mask
Jelly Mask Moisturizing & Energizing,Face Mask
Dragon Fruit Brightening Superfruit Mask,Face Mask
Clarimatte™ Invisible Pores Detox Mask,Face Mask
GinZing™ Peel-Off Mask to Refine and Refresh,Face Mask
Nose Mask - Pineapple,Face Mask
Peel-off Mask,Face Mask
Water Pocket Sheet Mask Water Bank (Moisturizing),Face Mask
Flower Fusion™ Lavender Soothing Sheet Mask,Face Mask
Flower Fusion™ Rose Hydrating Sheet Mask,Face Mask
Instant Detox Hawaiian Sea Water & White Clay Face Mask,Face Mask
SOS Hydra Refreshing Hydration Mask,Face Mask
Flower Fusion™ Raspberry Refreshing Sheet Mask,Face Mask
SUPERMASK - The Primer Mask,Face Mask
Flower Fusion™ Violet Nourishing Sheet Mask,Face Mask
Self Tan Express Bronzing Face Sheet Mask,Face Mask
PRE:EMPT SERIES™ Refreshing Shower Mask,Face Mask
By All Greens™ Foaming Deep Cleansing Mask,Face Mask
Flower Fusion™ Orange Radiance-Boosting Sheet Mask,Face Mask
The Eye Concentrate,Eye cream
Benefiance WrinkleResist24 Intensive Eye Contour Cream,Eye cream
Banana Bright Eye Crème,Eye cream
Black Tea Firming and De-Puffing Eye Cream,Eye cream
Moisturizing Eye Bomb,Eye cream
The Eye Balm Intense,Eye cream
Benefiance WrinkleResist24 Pure Retinol Express Smoothing Eye Mask,Eye cream
R.N.A. POWER Anti-Aging Eye Cream,Eye cream
Midnight Recovery Eye,Eye cream
Rose Hydrating Eye Gel Cream,Eye cream
The Lifting Eye Serum,Eye cream
Advanced Génifique Eye Cream,Eye cream
Ultimune Eye Power Infusing Eye Concentrate,Eye cream
Future Solution LX Eye and Lip Contour Regenerating Cream,Eye cream
Luminous Deep Hydration Firming Eye Serum,Eye cream
Cucumber De-Tox™ Hydra-Gel Eye Patches,Eye cream
Restorative Eye Crème,Eye cream
Rénergie Lift Multi-Action Eye,Eye cream
Puffy Under-Eye Patches,Eye cream
Extra Eye Repair Cream,Eye cream
Crème Ancienne® Eye Cream,Eye cream
Bio-Performance LiftDynamic Eye Treatment,Eye cream
Retinol Youth Renewal Eye Serum,Eye cream
Extra-Firming Eye Wrinkle Smoothing Cream,Eye cream
Peat Miracle Revital Eye Cream,Eye cream
Lotus Youth Preserve Eye Cream,Eye cream
TIME RESPONSE Eye Reserve Crème,Eye cream
Hello Bright Eyes,Eye cream
Multi-Task Eye Serum Mask,Eye cream
Ibuki Eye Correcting Cream,Eye cream
Bio Performance Glow Revival Eye Treatment,Eye cream
24/7 Retinol Eye Cream,Eye cream
Eye Contour Gel,Eye cream
No Puffery™ Cooling Roll-On For Puffy Eyes,Eye cream
Helix AM/PM Eye Gel,Eye cream
Keep Young And Beautiful™ Instant Brightening Beauty Shot Eye Lift,Eye cream
Énergie de Vie The Illuminating & Anti-Fatigue Cooling Eye Gel,Eye cream
Essential Energy Eye Definer,Eye cream
Illuminating Eye Crème,Eye cream
Ultimate Revival Eye Cream,Eye cream
ELEVATE Firming & Lifting Contouring Eye Cream,Eye cream
Ice-Cold Eye Cream,Eye cream
Vitamin C Ester Brightening Eye Serum,Eye cream
Lotus Caress to Moisturize Eyes,Eye cream
Urban Environment Oil-Free UV Protector Broad Spectrum SPF 42 For Face,Sun protect
Silken Pore Perfecting Sunscreen Broad Spectrum SPF 35 PA+++,Sun protect
Ultimate Sun Protection Lotion WetForce SPF 50+,Sun protect
Everyday Sunscreen Broad Spectrum SPF 50,Sun protect
Sunscreen Multi-Protection Broad Spectrum SPF 50,Sun protect
Radiance Primer Broad Spectrum SPF 35 Sunscreen,Sun protect
MOISTURE BOUND Tinted Treatment Moisturizer SPF 15,Sun protect
Renewed Hope In A Jar SPF 30,Sun protect
High Potency Classics: Face Finishing & Firming Moisturizer Tint SPF 30,Sun protect
Perfecting Day Cream Broad Spectrum SPF 30 PA+++,Sun protect
FUTURE RESPONSE Age Defense Creme SPF 30,Sun protect
Bienfait Teinté Beauty Balm Sunscreen Broad Spectrum SPF 30,Sun protect
Future Solution LX Total Protective Cream Broad Spectrum SPF 20 Sunscreen,Sun protect
Plantscription™ SPF 25 Power Anti-Aging Oil-Free Cream,Sun protect
Sports BB Broad Spectrum SPF 50+ WetForce,Sun protect
Super Multi-Corrective Cream Sunscreen Broad Spectrum SPF 30,Sun protect
The Broad Spectrum SPF 50 UV Protecting Fluid,Sun protect
Ultimate Sun Protection Lotion WetForce SPF 50+ Mini,Sun protect
Black Tea Age-Delay Lotion Broad Spectrum Sunscreen SPF 20,Sun protect
CC Red Correct Automatic Perfector Broad Spectrum SPF 25,Sun protect
Flawless Skin Mega Moisturizer SPF 15 - Normal/Dry Skin,Sun protect
Sugar Sport Treatment Sunscreen SPF 30,Sun protect
Balancing Moisturizer Broad Spectrum SPF 15 PA++,Sun protect
Forever Young Body Butter with Sea Buckthorn SPF 40 PA+++,Sun protect
Resurgence® Age–Balancing Moisture Broad Spectrum SPF 30,Sun protect
Repairing Tint & Radiance Moisturizer SPF 30,Sun protect
Flawless Skin Mega Moisturizer SPF 15 - Normal/Combination Skin,Sun protect
Face Lotion SPF 30,Sun protect
Classic Sport SPF 50 - Fresh Mango,Sun protect
Rènergie Lift Multi-Action Sunscreen Broad Spectrum SPF 15 For Dry Skin,Sun protect
Face Protect SPF 50,Sun protect
DayWear BB Anti-Oxidant Beauty Benefit Crème SPF 35,Sun protect
After Sun Greek Yoghurt Cooling Gel for Face and Body,Sun protect
Sunscreen Cream High Protection SPF 30,Sun protect
Sun Oil 15 SPF,Sun protect
Ultimate Miracle Worker Multi-Rejuvenating Lightweight Emulsion SPF 30,Sun protect
Primer Broad Spectrum Sunscreen SPF 25,Sun protect
Sun Lotion 50 SPF,Sun protect
Sun Lotion 30 SPF,Sun protect
Future Solution LX Total Protective Emulsion Broad Spectrum SPF 20 Sunscreen,Sun protect
After-Sun Milk Soothing Body Lotion,Sun protect
Yoghurt Nourishing Fluid Veil Face Sunscreen Broad Spectrum SPF 30,Sun protect
Pro Light Self Tan Bronzing Mist,Sun protect
